strategy,date,side,signal,sensex_pts,premium_pts,hit,pnl
GAP rule,2024-10-18,PE,-258.52,-14.05,-9.03,False,-240.5
GAP rule,2024-10-21,CE,454.67,-117.7,-60.85,False,-1277.0
GAP rule,2024-10-22,CE,148.83,33.33,14.67,False,233.3
GAP rule,2024-10-23,PE,-357.45,-276.34,-140.17,False,-2863.4
GAP rule,2024-10-24,PE,-15.08,-117.23,-60.61,False,-1272.3
GAP rule,2024-10-25,CE,91.68,-157.26,-80.63,False,-1672.6
GAP rule,2024-10-28,CE,73.17,19.55,7.78,False,95.5
GAP rule,2024-10-29,PE,-40.22,176.56,86.28,False,1665.6
GAP rule,2024-10-30,PE,-142.61,118.43,57.22,False,1084.3
GAP rule,2024-10-31,CE,78.9,-266.84,-135.42,False,-2768.4
GAP rule,2024-11-04,CE,20.52,-339.22,-171.61,False,-3492.2
GAP rule,2024-11-05,PE,-218.12,24.16,10.08,False,141.6
GAP rule,2024-11-06,CE,328.51,-34.36,-19.18,False,-443.6
GAP rule,2024-11-07,CE,153.89,-292.9,-148.45,False,-3029.0
GAP rule,2024-11-08,CE,83.63,-290.3,-147.15,False,-3003.0
GAP rule,2024-11-11,PE,-33.25,251.79,123.9,False,2417.9
GAP rule,2024-11-12,CE,210.8,142.29,69.15,False,1322.9
GAP rule,2024-11-13,PE,-67.28,-86.66,-45.33,False,-966.6
GAP rule,2024-11-14,PE,-164.42,-176.57,-90.28,False,-1865.7
GAP rule,2024-11-18,CE,176.85,-125.56,-64.78,False,-1355.6
GAP rule,2024-11-19,CE,173.69,116.7,56.35,False,1067.0
GAP rule,2024-11-21,CE,290.29,-227.63,-115.82,False,-2376.3
GAP rule,2024-11-22,CE,215.96,2.67,-0.67,False,-73.3
GAP rule,2024-11-25,CE,1236.04,138.66,67.33,False,1286.6
GAP rule,2024-11-26,CE,243.93,-73.76,-38.88,False,-837.6
GAP rule,2024-11-27,CE,115.1,-214.31,-109.15,False,-2243.1
GAP rule,2024-11-28,CE,36.89,15.22,5.61,False,52.2
GAP rule,2024-11-29,PE,-132.23,-117.6,-60.8,False,-1276.0
GAP rule,2024-12-02,PE,-3.25,287.85,141.92,False,2778.5
GAP rule,2024-12-03,CE,275.42,-147.84,-75.92,False,-1578.4
GAP rule,2024-12-04,CE,196.71,-167.44,-85.72,False,-1774.4
GAP rule,2024-12-05,CE,244.95,-99.13,-51.57,False,-1091.3
GAP rule,2024-12-06,CE,121.82,-145.75,-74.88,False,-1557.5
GAP rule,2024-12-09,PE,-71.85,-5.8,-4.9,False,-158.0
GAP rule,2024-12-10,CE,44.09,-28.02,-16.01,False,-380.2
GAP rule,2024-12-11,CE,21.68,-30.83,-17.42,False,-408.3
GAP rule,2024-12-12,PE,-19.94,-17.09,-10.55,False,-270.9
GAP rule,2024-12-13,PE,-51.39,45.01,20.5,False,350.1
GAP rule,2024-12-16,PE,-170.84,24.91,10.46,False,149.1
GAP rule,2024-12-17,PE,-185.48,60.73,28.36,False,507.3
GAP rule,2024-12-18,CE,9.91,-62.95,-33.47,False,-729.5
GAP rule,2024-12-19,PE,-1202.8,-364.61,-184.31,False,-3746.1
GAP rule,2024-12-20,CE,92.34,-199.07,-101.53,False,-2090.7
GAP rule,2024-12-23,CE,277.15,98.45,47.22,False,884.5
GAP rule,2024-12-24,CE,167.14,-143.97,-73.99,False,-1539.7
GAP rule,2024-12-26,CE,104.26,156.31,76.15,False,1463.1
GAP rule,2024-12-27,CE,84.83,128.13,62.07,False,1181.3
GAP rule,2024-12-30,PE,-92.74,15.34,5.67,False,53.4
GAP rule,2024-12-31,PE,-234.39,111.37,53.69,False,1013.7
GAP rule,2025-01-01,CE,38.6,-78.3,-41.15,False,-883.0
GAP rule,2025-01-02,CE,76.29,15.51,5.75,False,55.1
GAP rule,2025-01-03,CE,167.91,-257.87,-130.94,False,-2678.7
GAP rule,2025-01-06,CE,113.82,53.93,24.97,False,439.3
GAP rule,2025-01-07,CE,5.53,310.01,153.0,False,3000.1
GAP rule,2025-01-08,CE,189.34,-184.82,-94.41,False,-1948.2
GAP rule,2025-01-09,CE,65.15,-262.81,-133.41,False,-2728.1
GAP rule,2025-01-10,CE,1.32,114.66,55.33,False,1046.6
GAP rule,2025-01-13,PE,-792.5,-50.59,-27.3,False,-605.9
GAP rule,2025-01-14,PE,-11.51,-372.51,-188.25,False,-3825.1
GAP rule,2025-01-17,PE,-81.92,403.11,199.56,False,3931.1
GAP rule,2025-01-20,CE,350.15,-174.8,-89.4,False,-1848.0
GAP rule,2025-01-21,CE,240.47,-142.0,-73.0,False,-1520.0
GAP rule,2025-01-22,CE,112.96,-4.51,-4.25,False,-145.1
GAP rule,2025-01-23,PE,-35.01,190.93,93.47,False,1809.3
GAP rule,2025-01-24,PE,-106.34,-135.79,-69.89,False,-1457.9
GAP rule,2025-01-27,PE,-516.22,33.28,14.64,False,232.8
GAP rule,2025-01-28,CE,306.97,78.93,37.46,False,689.3
GAP rule,2025-01-29,CE,168.49,49.55,22.77,False,395.5
GAP rule,2025-01-30,CE,40.95,-135.82,-69.91,False,-1458.2
GAP rule,2025-01-31,CE,1.04,-44.4,-24.2,False,-544.0
GAP rule,2025-02-01,CE,71.22,-22.59,-13.29,False,-325.9
GAP rule,2025-02-03,PE,-520.6,204.66,100.33,False,1946.6
GAP rule,2025-02-04,CE,501.31,-92.86,-48.43,False,-1028.6
GAP rule,2025-02-05,CE,305.93,-143.99,-74.0,False,-1539.9
GAP rule,2025-02-06,CE,248.77,-120.07,-62.04,False,-1300.7
GAP rule,2025-02-07,PE,-14.2,41.52,18.76,False,315.2
GAP rule,2025-02-10,PE,-57.25,194.06,95.03,False,1840.6
GAP rule,2025-02-11,CE,82.77,-147.85,-75.92,False,-1578.5
GAP rule,2025-02-12,PE,-107.11,46.22,21.11,False,362.2
GAP rule,2025-02-13,PE,-37.23,-171.57,-87.78,False,-1815.7
GAP rule,2025-02-14,CE,296.6,22.48,9.24,False,124.8
GAP rule,2025-02-17,PE,-221.63,212.24,104.12,False,2022.4
GAP rule,2025-02-18,CE,66.03,-79.96,-41.98,False,-899.6
GAP rule,2025-02-19,PE,-114.07,164.84,80.42,False,1548.4
GAP rule,2025-02-20,PE,-201.69,22.0,9.0,False,120.0
GAP rule,2025-02-21,PE,-103.21,-46.02,-25.01,False,-560.2
GAP rule,2025-02-24,PE,-354.84,25.88,10.94,False,158.8
GAP rule,2025-02-25,PE,-16.53,-100.2,-52.1,False,-1102.0
GAP rule,2025-02-27,CE,200.59,44.93,20.46,False,349.3
GAP rule,2025-02-28,PE,-363.01,218.57,107.29,False,2085.7
GAP rule,2025-03-03,CE,233.76,112.86,54.43,False,1028.6
GAP rule,2025-03-04,PE,-359.66,80.36,38.18,False,703.6
GAP rule,2025-03-05,CE,12.69,187.91,91.96,False,1779.1
GAP rule,2025-03-06,CE,536.92,-226.26,-115.13,False,-2362.6
GAP rule,2025-03-07,CE,24.81,-284.47,-144.24,False,-2944.7
GAP rule,2025-03-10,CE,165.99,-98.6,-51.3,False,-1086.0
GAP rule,2025-03-11,PE,-303.11,-9.78,-6.89,False,-197.8
GAP rule,2025-03-12,CE,109.85,42.88,19.44,False,328.8
GAP rule,2025-03-13,CE,342.89,-197.37,-100.68,False,-2073.7
GAP rule,2025-03-17,CE,53.74,276.46,136.23,False,2664.6
GAP rule,2025-03-18,CE,423.38,-83.22,-43.61,False,-932.2
GAP rule,2025-03-19,CE,120.55,-169.7,-86.85,False,-1797.0
GAP rule,2025-03-20,CE,464.87,-96.76,-50.38,False,-1067.6
GAP rule,2025-03-21,PE,-141.18,-3.04,-3.52,False,-130.4
GAP rule,2025-03-24,CE,501.59,-64.33,-34.17,False,-743.3
GAP rule,2025-03-25,CE,262.08,89.51,42.75,False,795.1
GAP rule,2025-03-26,CE,243.82,-54.86,-29.43,False,-648.6
GAP rule,2025-03-27,PE,-170.67,-142.26,-73.13,False,-1522.6
GAP rule,2025-03-28,CE,109.1,-92.2,-48.1,False,-1022.0
GAP rule,2025-04-01,PE,-461.89,-125.69,-64.85,False,-1356.9
GAP rule,2025-04-02,CE,38.62,-10.63,-7.32,False,-206.3
GAP rule,2025-04-03,PE,-810.62,-276.22,-140.11,False,-2862.2
GAP rule,2025-04-04,PE,-112.45,203.66,99.83,False,1936.6
GAP rule,2025-04-07,PE,-3955.33,-1245.38,-624.69,False,-12553.8
GAP rule,2025-04-08,CE,688.68,316.72,156.36,False,3067.2
GAP rule,2025-04-09,PE,-169.75,269.16,132.58,False,2591.6
GAP rule,2025-04-11,CE,937.37,-9.83,-6.92,False,-198.3
GAP rule,2025-04-15,CE,1624.32,-262.48,-133.24,False,-2724.8
GAP rule,2025-04-16,CE,214.9,-353.58,-178.79,False,-3635.8
GAP rule,2025-04-17,PE,-54.43,102.23,49.12,False,922.3
GAP rule,2025-04-21,CE,406.05,158.04,77.02,False,1480.4
GAP rule,2025-04-22,CE,362.38,-268.36,-136.18,False,-2783.6
GAP rule,2025-04-23,CE,673.25,-109.42,-56.71,False,-1194.2
GAP rule,2025-04-24,CE,61.87,-169.18,-86.59,False,-1791.8
GAP rule,2025-04-25,CE,28.16,233.3,114.65,False,2233.0
GAP rule,2025-04-28,CE,250.46,213.2,104.6,False,2032.0
GAP rule,2025-04-29,CE,246.51,123.43,59.72,False,1134.3
GAP rule,2025-04-30,CE,129.09,-253.72,-128.86,False,-2637.2
GAP rule,2025-05-02,CE,284.0,386.08,191.04,False,3760.8
GAP rule,2025-05-05,CE,281.83,215.3,105.65,False,2053.0
GAP rule,2025-05-06,CE,90.44,-106.69,-55.35,False,-1166.9
GAP rule,2025-05-07,PE,-538.75,-547.25,-275.62,False,-5572.5
GAP rule,2025-05-08,CE,162.66,-34.45,-19.22,False,-444.5
GAP rule,2025-05-09,PE,-1035.5,-970.16,-487.08,False,-9801.6
GAP rule,2025-05-12,CE,1244.43,320.86,158.43,False,3108.6
GAP rule,2025-05-13,PE,-155.21,-260.83,-132.41,False,-2708.3
GAP rule,2025-05-14,CE,85.45,19.39,7.69,False,93.9
GAP rule,2025-05-16,PE,-70.52,112.46,54.23,False,1024.6
GAP rule,2025-05-19,CE,55.42,-212.94,-108.47,False,-2229.4
GAP rule,2025-05-20,CE,74.56,85.03,40.51,False,750.3
GAP rule,2025-05-21,CE,54.76,107.59,51.79,False,975.9
GAP rule,2025-05-22,PE,-233.51,74.83,35.42,False,648.3
GAP rule,2025-05-23,PE,-112.61,-129.66,-66.83,False,-1396.6
GAP rule,2025-05-26,CE,233.05,238.24,117.12,False,2282.4
GAP rule,2025-05-27,PE,-146.34,161.37,78.68,False,1513.7
GAP rule,2025-05-28,PE,-126.11,19.3,7.65,False,93.0
GAP rule,2025-05-29,CE,243.14,157.14,76.57,False,1471.4
GAP rule,2025-05-30,PE,-329.66,-72.42,-38.21,False,-824.2
GAP rule,2025-06-02,PE,-191.43,298.07,147.03,False,2880.7
GAP rule,2025-06-03,CE,220.39,150.19,73.1,False,1401.9
GAP rule,2025-06-04,CE,74.36,105.28,50.64,False,952.8
GAP rule,2025-06-05,CE,228.77,-67.25,-35.62,False,-772.5
GAP rule,2025-06-06,PE,-7.95,109.53,52.76,False,995.3
GAP rule,2025-06-09,CE,398.32,-5.59,-4.79,False,-155.9
GAP rule,2025-06-10,CE,180.37,-93.08,-48.54,False,-1030.8
GAP rule,2025-06-11,CE,129.65,-67.12,-35.56,False,-771.2
GAP rule,2025-06-12,CE,121.11,-124.96,-64.48,False,-1349.6
GAP rule,2025-06-13,PE,-1218.98,-154.7,-79.35,False,-1647.0
GAP rule,2025-06-16,PE,-128.02,-224.43,-114.22,False,-2344.3
GAP rule,2025-06-17,CE,95.21,-134.9,-69.45,False,-1449.0
GAP rule,2025-06-18,PE,-220.19,-48.61,-26.31,False,-586.1
GAP rule,2025-06-19,PE,-25.64,84.84,40.42,False,748.4
GAP rule,2025-06-20,CE,114.73,271.96,133.98,False,2619.6
GAP rule,2025-06-23,PE,-619.3,-203.51,-103.75,False,-2135.1
GAP rule,2025-06-24,CE,673.88,183.78,89.89,False,1737.8
GAP rule,2025-06-25,CE,287.86,-24.37,-14.19,False,-343.7
GAP rule,2025-06-26,CE,148.22,-38.61,-21.31,False,-486.1
GAP rule,2025-06-27,CE,65.52,195.55,95.78,False,1855.5
GAP rule,2025-06-30,PE,-4.69,35.47,15.74,False,254.7
GAP rule,2025-07-01,CE,87.68,-58.15,-31.08,False,-681.5
GAP rule,2025-07-02,CE,149.84,106.15,51.07,False,961.5
GAP rule,2025-07-03,CE,150.48,9.48,2.74,False,-5.2
GAP rule,2025-07-04,CE,49.76,46.25,21.12,False,362.5
GAP rule,2025-07-07,PE,-69.73,74.31,35.15,False,643.1
GAP rule,2025-07-08,PE,-20.16,-0.66,-2.33,False,-106.6
GAP rule,2025-07-09,PE,-83.05,-14.99,-9.5,False,-249.9
GAP rule,2025-07-10,CE,141.24,-75.6,-39.8,False,-856.0
GAP rule,2025-07-11,PE,-331.42,-24.8,-14.4,False,-348.0
GAP rule,2025-07-15,PE,-18.33,-219.88,-111.94,False,-2298.8
GAP rule,2025-07-16,PE,-81.77,20.49,8.25,False,104.9
GAP rule,2025-07-17,CE,129.65,-77.94,-40.97,False,-879.4
GAP rule,2025-07-18,PE,-77.83,-30.26,-17.13,False,-402.6
GAP rule,2025-07-21,CE,178.44,-157.34,-80.67,False,-1673.4
GAP rule,2025-07-22,CE,281.87,-105.19,-54.59,False,-1151.9
GAP rule,2025-07-23,CE,271.82,3.68,-0.16,False,-63.2
GAP rule,2025-07-24,CE,99.37,-98.19,-51.1,False,-1081.9
GAP rule,2025-07-25,PE,-81.6,183.14,89.57,False,1731.4
GAP rule,2025-07-28,PE,-151.97,129.4,62.7,False,1194.0
GAP rule,2025-07-29,PE,-248.41,-105.49,-54.75,False,-1154.9
GAP rule,2025-07-30,CE,291.52,-228.96,-116.48,False,-2389.6
GAP rule,2025-07-31,PE,-768.9,-259.72,-131.86,False,-2697.2
GAP rule,2025-08-01,PE,-123.87,27.37,11.69,False,173.7
GAP rule,2025-08-04,CE,181.51,-23.07,-13.54,False,-330.7
GAP rule,2025-08-05,PE,-96.51,-40.48,-22.24,False,-504.8
GAP rule,2025-08-06,PE,-44.06,-30.22,-17.11,False,-402.2
GAP rule,2025-08-07,PE,-290.94,-43.92,-23.96,False,-539.2
GAP rule,2025-08-08,PE,-230.16,-11.79,-7.9,False,-217.9
GAP rule,2025-08-11,CE,48.12,-66.84,-35.42,False,-768.4
GAP rule,2025-08-12,PE,-5.68,69.36,32.68,False,593.6
GAP rule,2025-08-13,CE,224.03,23.58,9.79,False,135.8
GAP rule,2025-08-14,CE,45.3,-0.83,-2.42,False,-108.3
GAP rule,2025-08-18,CE,768.43,154.04,75.02,False,1440.4
GAP rule,2025-08-19,CE,20.59,35.69,15.85,False,256.9
GAP rule,2025-08-20,PE,-35.46,94.4,45.2,False,844.0
GAP rule,2025-08-21,CE,382.05,-169.42,-86.71,False,-1794.2
GAP rule,2025-08-22,PE,-29.81,39.14,17.57,False,291.4
GAP rule,2025-08-25,CE,171.52,33.48,14.74,False,234.8
GAP rule,2025-08-26,PE,-289.64,-45.27,-24.64,False,-552.7
GAP rule,2025-08-28,PE,-65.42,338.46,167.23,False,3284.6
GAP rule,2025-08-29,PE,-193.6,-217.55,-110.78,False,-2275.5
GAP rule,2025-09-01,PE,-43.46,-229.46,-116.73,False,-2394.6
GAP rule,2025-09-02,CE,143.38,10.68,3.34,False,6.8
GAP rule,2025-09-03,CE,129.52,-35.45,-19.73,False,-454.5
GAP rule,2025-09-04,CE,909.78,-353.12,-178.56,False,-3631.2
GAP rule,2025-09-05,CE,268.16,-37.36,-20.68,False,-473.6
GAP rule,2025-09-08,CE,159.18,26.89,11.44,False,168.9
GAP rule,2025-09-09,CE,288.26,-32.09,-18.04,False,-420.9
GAP rule,2025-09-10,CE,397.32,-89.46,-46.73,False,-994.6
GAP rule,2025-09-11,PE,-213.08,-174.22,-89.11,False,-1842.2
GAP rule,2025-09-12,CE,226.78,-14.43,-9.21,False,-244.3
GAP rule,2025-09-15,CE,27.42,1.08,-1.46,False,-89.2
GAP rule,2025-09-16,CE,37.35,21.78,8.89,False,117.8
GAP rule,2025-09-17,CE,83.84,76.01,36.01,False,660.1
GAP rule,2025-09-18,CE,397.06,-63.96,-33.98,False,-739.6
GAP rule,2025-09-19,PE,-66.64,64.01,30.0,False,540.1
GAP rule,2025-09-22,PE,-553.17,-136.86,-70.43,False,-1468.6
GAP rule,2025-09-23,PE,-41.18,-109.16,-56.58,False,-1191.6
GAP rule,2025-09-24,PE,-233.86,16.83,6.41,False,68.3
GAP rule,2025-09-25,PE,-165.62,57.19,26.6,False,471.9
GAP rule,2025-09-26,PE,-238.98,14.68,5.34,False,46.8
GAP rule,2025-09-29,CE,95.15,-15.7,-9.85,False,-257.0
GAP rule,2025-09-30,PE,-2.19,-105.44,-54.72,False,-1154.4
GAP rule,2025-10-01,PE,-177.07,-173.32,-88.66,False,-1833.2
GAP rule,2025-10-03,PE,-350.33,-190.68,-97.34,False,-2006.8
GAP rule,2025-10-06,CE,77.89,-10.3,-7.15,False,-203.0
GAP rule,2025-10-07,CE,99.47,62.18,29.09,False,521.8
GAP rule,2025-10-08,PE,-52.47,-28.81,-16.41,False,-388.1
GAP rule,2025-10-09,CE,125.77,-6.45,-5.22,False,-164.5
GAP rule,2025-10-10,PE,-43.15,-56.92,-30.46,False,-669.2
GAP rule,2025-10-13,PE,-421.74,-169.76,-86.88,False,-1797.6
GAP rule,2025-10-14,CE,60.95,122.97,59.49,False,1129.7
GAP rule,2025-10-15,CE,238.62,31.64,13.82,False,216.4
GAP rule,2025-10-16,CE,169.74,96.83,46.42,False,868.3
GAP rule,2025-10-17,PE,-53.62,-49.04,-26.52,False,-590.4
GAP rule,2025-10-20,CE,325.01,353.77,174.89,False,3437.7
GAP rule,2025-10-23,CE,776.43,-194.44,-99.22,False,-2044.4
GAP rule,2025-10-24,CE,190.65,-146.11,-75.06,False,-1561.1
GAP rule,2025-10-27,CE,61.28,150.95,73.47,False,1409.5
GAP rule,2025-10-28,PE,-183.23,-228.16,-116.08,False,-2381.6
GAP rule,2025-10-29,PE,-48.3,-174.91,-89.46,False,-1849.1
GAP rule,2025-10-30,PE,-285.61,-31.57,-17.79,False,-415.7
GAP rule,2025-10-31,PE,-88.61,89.1,42.55,False,791.0
GAP rule,2025-11-03,PE,-120.04,-7.83,-5.91,False,-178.3
GAP rule,2025-11-04,PE,-6.43,-2.48,-3.24,False,-124.8
GAP rule,2025-11-06,CE,64.94,216.54,106.27,False,2065.4
GAP rule,2025-11-07,PE,-218.4,308.33,152.16,False,2983.3
GAP rule,2025-11-10,PE,-55.72,-298.25,-151.12,False,-3082.5
GAP rule,2025-11-12,CE,339.08,42.16,19.08,False,321.6
GAP rule,2025-11-13,CE,93.59,-150.34,-77.17,False,-1603.4
GAP rule,2025-11-14,PE,-416.88,-219.59,-111.79,False,-2295.9
GAP rule,2025-11-17,CE,46.51,-56.2,-30.1,False,-662.0
GAP rule,2025-11-18,CE,121.96,-309.9,-156.95,False,-3199.0
GAP rule,2025-11-19,CE,17.79,13.28,4.64,False,32.8
GAP rule,2025-11-20,CE,310.47,-95.64,-49.82,False,-1056.4
GAP rule,2025-11-21,PE,-291.1,-71.68,-37.84,False,-816.8
GAP rule,2025-11-24,CE,104.3,33.66,14.83,False,236.6
GAP rule,2025-11-25,CE,226.66,-206.12,-105.06,False,-2161.2
GAP rule,2025-11-26,PE,-39.02,-285.87,-144.93,False,-2958.7
GAP rule,2025-11-27,CE,147.21,3.21,-0.4,False,-67.9
GAP rule,2025-11-28,CE,16.73,-114.5,-59.25,False,-1245.0
GAP rule,2025-12-01,CE,365.63,-116.02,-60.01,False,-1260.2
GAP rule,2025-12-02,PE,-310.78,-82.68,-43.34,False,-926.8
GAP rule,2025-12-03,PE,-82.88,59.06,27.53,False,490.6
GAP rule,2025-12-04,PE,-131.07,9.69,2.85,False,-3.1
GAP rule,2025-12-05,PE,-5.93,-21.93,-12.97,False,-319.3
GAP rule,2025-12-08,PE,-73.9,12.15,4.07,False,21.5
GAP rule,2025-12-09,PE,-247.33,-46.96,-25.48,False,-569.6
GAP rule,2025-12-10,PE,-79.45,-70.34,-37.17,False,-803.4
GAP rule,2025-12-11,CE,80.05,-23.52,-13.76,False,-335.2
GAP rule,2025-12-12,CE,259.13,81.57,38.79,False,715.7
GAP rule,2025-12-15,PE,-372.42,-121.92,-62.96,False,-1319.2
GAP rule,2025-12-16,PE,-167.47,109.69,52.85,False,996.9
GAP rule,2025-12-17,CE,209.23,-165.66,-84.83,False,-1756.6
GAP rule,2025-12-18,PE,-63.95,122.72,59.36,False,1127.2
GAP rule,2025-12-19,CE,279.83,78.07,37.04,False,680.7
GAP rule,2025-12-22,CE,232.97,162.92,79.46,False,1529.2
GAP rule,2025-12-23,CE,145.29,-142.19,-73.1,False,-1521.9
GAP rule,2025-12-24,CE,33.51,-116.64,-60.32,False,-1266.4
GAP rule,2025-12-26,PE,-162.4,-55.17,-29.58,False,-651.7
GAP rule,2025-12-29,PE,-76.37,-119.06,-61.53,False,-1290.6
GAP rule,2025-12-30,PE,-106.69,43.59,19.8,False,335.9
GAP rule,2025-12-31,PE,-9.59,-90.99,-47.5,False,-1009.9
GAP rule,2026-01-01,CE,46.91,117.61,56.81,False,1076.1
GAP rule,2026-01-02,CE,87.25,24.62,10.31,False,146.2
GAP rule,2026-01-05,PE,-170.24,-110.85,-57.42,False,-1208.5
GAP rule,2026-01-06,PE,-103.49,54.87,25.43,False,448.7
GAP rule,2026-01-07,PE,-407.18,-252.16,-128.08,False,-2621.6
GAP rule,2026-01-08,PE,-190.03,-64.81,-34.4,False,-748.1
GAP rule,2026-01-09,PE,-139.93,-225.69,-114.85,False,-2356.9
GAP rule,2026-01-12,PE,-203.35,-28.15,-16.08,False,-381.5
GAP rule,2026-01-13,CE,118.02,36.81,16.4,False,268.1
GAP rule,2026-01-14,PE,-250.34,-126.67,-65.34,False,-1366.7
GAP rule,2026-01-16,CE,303.97,-58.96,-31.48,False,-689.6
GAP rule,2026-01-19,PE,-101.11,422.29,209.15,False,4122.9
GAP rule,2026-01-20,CE,67.23,-32.57,-18.29,False,-425.7
GAP rule,2026-01-21,PE,-359.09,-137.54,-70.77,False,-1475.4
GAP rule,2026-01-22,CE,540.6,28.49,12.24,False,184.9
GAP rule,2026-01-23,PE,-33.56,-1.83,-2.92,False,-118.3
GAP rule,2026-01-27,PE,-139.2,-212.74,-108.37,False,-2227.4
GAP rule,2026-01-28,PE,-159.96,-402.25,-203.12,False,-4122.5
GAP rule,2026-01-29,CE,29.89,-277.96,-140.98,False,-2879.6
GAP rule,2026-01-30,PE,-585.1,-183.94,-93.97,False,-1939.4
GAP rule,2026-02-01,CE,127.82,-232.8,-118.4,False,-2428.0
GAP rule,2026-02-02,CE,71.27,80.14,38.07,False,701.4
GAP rule,2026-02-03,CE,3692.18,-1355.6,-679.8,False,-13656.0
GAP rule,2026-02-04,PE,-451.33,-191.88,-97.94,False,-2018.8
GAP rule,2026-02-05,CE,44.01,-86.3,-45.15,False,-963.0
GAP rule,2026-02-06,PE,-62.06,15.27,5.64,False,52.7
GAP rule,2026-02-09,CE,646.41,-132.49,-68.24,False,-1424.9
GAP rule,2026-02-10,CE,166.51,4.22,0.11,False,-57.8
GAP rule,2026-02-11,CE,113.77,50.38,23.19,False,403.8
GAP rule,2026-02-12,PE,-229.54,1.83,-1.09,False,-81.7
GAP rule,2026-02-13,PE,-717.91,-53.23,-28.62,False,-632.3
GAP rule,2026-02-16,PE,-110.87,-19.48,-11.74,False,-294.8
GAP rule,2026-02-17,PE,-96.82,112.86,54.43,False,1028.6
GAP rule,2026-02-18,CE,119.49,-131.03,-67.51,False,-1410.3
GAP rule,2026-02-19,CE,278.81,-133.32,-68.66,False,-1433.2
GAP rule,2026-02-20,PE,-75.69,-213.88,-108.94,False,-2238.8
GAP rule,2026-02-23,CE,112.01,161.72,78.86,False,1517.2
GAP rule,2026-02-24,PE,-238.27,158.29,77.14,False,1482.9
GAP rule,2026-02-25,CE,206.81,120.1,58.05,False,1101.0
GAP rule,2026-02-26,CE,143.8,144.69,70.35,False,1346.9
GAP rule,2026-02-27,PE,-10.07,236.36,116.18,False,2263.6
GAP rule,2026-03-02,PE,-2772.8,-1650.18,-827.09,False,-16601.8
GAP rule,2026-03-04,PE,-1666.77,-161.99,-82.99,False,-1719.9
GAP rule,2026-03-05,CE,409.74,-97.35,-50.67,False,-1073.5
GAP rule,2026-03-06,PE,-268.12,160.9,78.45,False,1509.0
GAP rule,2026-03-09,PE,-1931.55,-21.27,-12.64,False,-312.7
GAP rule,2026-03-10,CE,865.78,-241.81,-122.9,False,-2518.1
GAP rule,2026-03-11,PE,-54.19,117.0,56.5,False,1070.0
GAP rule,2026-03-12,PE,-427.9,439.45,217.72,False,4294.5
GAP rule,2026-03-13,PE,-632.19,-45.53,-24.76,False,-555.3
GAP rule,2026-03-16,PE,-230.84,-157.27,-80.64,False,-1672.7
GAP rule,2026-03-17,CE,519.71,-323.86,-163.93,False,-3338.6
GAP rule,2026-03-18,CE,361.24,-23.59,-13.79,False,-335.9
GAP rule,2026-03-19,PE,-1927.38,-530.19,-267.1,False,-5401.9
GAP rule,2026-03-20,CE,55.11,336.89,166.44,False,3268.9
GAP rule,2026-03-23,PE,-863.2,677.97,336.99,False,6679.7
GAP rule,2026-03-24,CE,1592.78,-452.38,-228.19,False,-4623.8
GAP rule,2026-03-25,CE,426.47,119.42,57.71,False,1094.2
GAP rule,2026-03-27,PE,-401.37,367.1,181.55,False,3571.0
GAP rule,2026-03-30,PE,-1098.93,110.04,53.02,False,1000.4
GAP rule,2026-04-01,CE,1662.28,-116.27,-60.13,False,-1262.7
GAP rule,2026-04-02,PE,-983.51,594.55,295.28,False,5845.5
GAP rule,2026-04-06,CE,162.15,-226.87,-115.43,False,-2368.7
GAP rule,2026-04-07,PE,-346.37,279.33,137.67,False,2693.3
GAP rule,2026-04-08,CE,2667.28,-226.83,-115.42,False,-2368.3
GAP rule,2026-04-09,PE,-281.1,340.47,168.24,False,3304.7
GAP rule,2026-04-10,CE,505.33,-121.9,-62.95,False,-1319.0
GAP rule,2026-04-13,PE,-1600.13,-165.33,-84.67,False,-1753.3
GAP rule,2026-04-15,CE,1184.16,197.13,96.56,False,1871.3
GAP rule,2026-04-16,CE,625.22,-124.07,-64.03,False,-1340.7
GAP rule,2026-04-17,CE,24.66,-47.27,-25.64,False,-572.7
GAP rule,2026-04-20,CE,110.57,-284.7,-144.35,False,-2947.0
GAP rule,2026-04-21,CE,182.04,144.48,70.24,False,1344.8
GAP rule,2026-04-22,PE,-259.43,97.96,46.98,False,879.6
GAP rule,2026-04-23,PE,-516.59,255.03,125.51,False,2450.3
GAP rule,2026-04-24,PE,-127.45,-40.95,-22.47,False,-509.5
GAP rule,2026-04-27,CE,175.42,240.67,118.33,False,2306.7
GAP rule,2026-04-28,PE,-265.53,14.93,5.46,False,49.3
GAP rule,2026-04-29,CE,281.19,-2.83,-3.42,False,-128.3
GAP rule,2026-04-30,PE,-479.55,160.05,78.03,False,1500.5
GAP rule,2026-05-04,CE,121.99,293.84,144.92,False,2838.4
GAP rule,2026-05-05,PE,-201.17,177.11,86.56,False,1671.1
GAP rule,2026-05-06,CE,338.41,118.04,57.02,False,1080.4
GAP rule,2026-05-07,CE,364.5,-213.46,-108.73,False,-2234.6
GAP rule,2026-05-08,PE,-254.15,173.39,84.69,False,1633.9
GAP rule,2026-05-11,PE,-707.72,131.97,63.99,False,1219.7
GAP rule,2026-05-12,PE,-344.99,38.62,17.31,False,286.2
GAP rule,2026-05-13,PE,-285.95,-344.26,-174.13,False,-3542.6
GAP rule,2026-05-14,CE,278.38,-21.61,-12.81,False,-316.1
GAP rule,2026-05-15,CE,18.95,-138.08,-71.04,False,-1480.8
GAP rule,2026-05-18,PE,-484.96,378.2,187.1,False,3682.0
GAP rule,2026-05-19,CE,109.26,162.73,79.36,False,1527.3
GAP rule,2026-05-20,PE,-381.92,217.4,106.7,False,2074.0
GAP rule,2026-05-21,CE,396.07,140.69,68.35,False,1306.9
GAP rule,2026-05-22,CE,106.07,68.89,32.44,False,588.9
GAP rule,2026-05-25,CE,626.04,87.76,41.88,False,777.6
GAP rule,2026-05-26,PE,-323.07,-37.29,-20.64,False,-472.9
GAP rule,2026-05-27,PE,-136.13,-17.32,-10.66,False,-273.2
GAP rule,2026-05-29,CE,75.42,154.86,75.43,False,1448.6
GAP rule,2026-06-01,CE,217.36,-128.94,-66.47,False,-1389.4
GAP rule,2026-06-02,PE,-352.7,81.56,38.78,False,715.6
GAP rule,2026-06-03,PE,-236.2,291.6,143.8,False,2816.0
GAP rule,2026-06-04,PE,-383.87,21.03,8.51,False,110.3
GAP rule,2026-06-05,CE,155.04,-37.21,-20.61,False,-472.1
GAP rule,2026-06-08,PE,-860.73,-5.37,-4.68,False,-153.7
GAP rule,2026-06-09,CE,568.56,-163.64,-83.82,False,-1736.4
GAP rule,2026-06-10,CE,7.39,148.34,72.17,False,1383.4
GAP rule,2026-06-11,PE,-370.56,8.38,2.19,False,-16.2
GAP rule,2026-06-12,CE,799.29,58.56,27.28,False,485.6
GAP rule,2026-06-15,CE,1192.33,-70.96,-37.48,False,-809.6
GAP rule,2026-06-16,CE,284.06,-26.23,-15.12,False,-362.3
GAP rule,2026-06-17,CE,253.31,-184.51,-94.25,False,-1945.1
GAP rule,2026-06-18,PE,-11.73,8.31,2.15,False,-16.9
GAP rule,2026-06-19,PE,-593.42,197.24,96.62,False,1872.4
GAP rule,2026-06-22,CE,288.72,-71.44,-37.72,False,-814.4
GAP rule,2026-06-23,CE,43.18,-143.83,-73.92,False,-1538.3
GAP rule,2026-06-24,CE,117.83,58.44,27.22,False,484.4
GAP rule,2026-06-25,CE,414.25,-6.36,-5.18,False,-163.6
GAP rule,2026-06-29,PE,-29.73,-106.27,-55.13,False,-1162.7
GAP rule,2026-06-30,CE,215.95,-73.18,-38.59,False,-831.8
GAP rule,2026-07-01,PE,-94.19,-42.34,-23.17,False,-523.4
GAP rule,2026-07-02,CE,209.59,86.41,41.21,False,764.1
GAP rule,2026-07-03,CE,702.48,-197.23,-100.61,False,-2072.3
GAP rule,2026-07-06,CE,152.16,62.92,29.46,False,529.2
GAP rule,2026-07-07,CE,205.78,-47.78,-25.89,False,-577.8
GAP rule,2026-07-08,PE,-262.63,65.64,30.82,False,556.4
GAP rule,2026-07-10,CE,568.43,-16.49,-10.25,False,-264.9
GAP rule,2026-07-13,PE,-629.76,30.38,13.19,False,203.8
GAP rule,2026-07-14,PE,-303.2,169.4,82.7,False,1594.0
GAP rule,2026-07-15,CE,154.77,18.53,7.26,False,85.3
GAP rule,2026-07-16,CE,206.37,-70.7,-37.35,False,-807.0
GAP rule,2026-07-17,CE,112.45,123.63,59.81,False,1136.3
GAP rule,2026-07-20,PE,-104.89,315.96,155.98,False,3059.6
GAP rule,2026-07-21,PE,-67.68,-39.68,-21.84,False,-496.8
GAP rule,2026-07-22,PE,-86.09,284.54,140.27,False,2745.4
GAP rule,2026-07-23,PE,-229.76,110.27,53.14,False,1002.7
GAP rule,2026-07-24,PE,-669.75,-40.06,-22.03,False,-500.6
GAP rule,2026-07-27,CE,467.71,36.95,16.47,False,269.5
GAP rule,2026-07-28,PE,-16.04,-39.45,-21.72,False,-494.5
GAP rule,2026-07-29,CE,686.37,12.53,4.26,False,25.3
GAP rule,2026-07-30,CE,5.97,-48.45,-26.22,False,-584.5
GAP rule,2026-07-31,CE,163.23,3.31,-0.35,False,-66.9
GAP rule,2026-08-03,CE,848.77,-244.73,-124.36,False,-2547.3
GAP rule,2026-08-04,CE,493.94,-347.66,-175.83,False,-3576.6
GAP rule,2026-08-05,CE,626.43,-172.83,-88.42,False,-1828.3
GAP rule,2026-08-06,CE,201.43,-77.14,-40.57,False,-871.4
GAP rule,2026-08-07,PE,-438.68,-95.48,-49.74,False,-1054.8
GAP rule,2026-08-10,CE,2.42,33.25,14.62,False,232.5
GAP rule,2026-08-11,PE,-32.67,157.45,76.72,False,1474.5
GAP rule,2026-08-12,CE,109.08,-206.36,-105.18,False,-2163.6
GAP rule,2026-08-13,CE,145.56,-241.4,-122.7,False,-2514.0
GAP rule,2026-08-14,PE,-176.53,102.58,49.29,False,925.8
GAP rule,2026-08-17,PE,-116.33,156.8,76.4,False,1468.0
GAP rule,2026-08-18,PE,-309.19,-90.32,-47.16,False,-1003.2
GAP rule,2026-08-19,PE,-17.41,61.77,28.89,False,517.7
GAP rule,2026-08-20,CE,558.77,-7.17,-5.58,False,-171.7
GAP rule,2026-08-21,CE,163.35,-88.46,-46.23,False,-984.6
GAP rule,2026-08-24,CE,88.73,108.2,52.1,False,982.0
GAP rule,2026-08-25,PE,-73.62,88.44,42.22,False,784.4
GAP rule,2026-08-26,CE,236.01,-1.28,-2.64,False,-112.8
GAP rule,2026-08-27,CE,103.82,103.2,49.6,False,932.0
GAP rule,2026-08-28,CE,194.46,-16.81,-10.4,False,-268.1
GAP rule,2026-08-31,PE,-133.78,204.71,100.35,False,1947.1
GAP rule,2026-09-01,CE,36.84,-138.71,-71.36,False,-1487.1
GAP rule,2026-09-02,PE,-472.96,209.03,102.52,False,1990.3
GAP rule,2026-09-03,CE,154.6,69.62,32.81,False,596.2
GAP rule,2026-09-04,CE,504.16,-56.89,-30.44,False,-668.9
GAP rule,2026-09-07,PE,-69.38,162.75,79.38,False,1527.5
GAP rule,2026-09-08,PE,-162.53,164.38,80.19,False,1543.8
GAP rule,2026-09-09,PE,-361.36,192.09,94.04,False,1820.9
GAP rule,2026-09-10,PE,-21.69,-126.62,-65.31,False,-1366.2
GAP rule,2026-09-11,PE,-593.43,101.63,48.82,False,916.3
GAP rule,2026-09-15,CE,587.87,-225.39,-114.69,False,-2353.9
GAP rule,2026-09-16,CE,245.49,60.13,28.07,False,501.3
GAP rule,2026-09-17,PE,-153.83,-81.68,-42.84,False,-916.8
GAP rule,2026-09-18,CE,260.65,-22.52,-13.26,False,-325.2
GAP rule,2026-09-21,CE,240.22,85.07,40.54,False,750.7
GAP rule,2026-09-22,CE,42.51,56.34,26.17,False,463.4
GAP rule,2026-09-23,CE,119.24,0.97,-1.52,False,-90.3
GAP rule,2026-09-24,PE,-554.36,-57.33,-30.67,False,-673.3
GAP rule,2026-09-25,PE,-54.62,-172.4,-88.2,False,-1824.0
GAP rule,2026-09-28,PE,-160.91,360.29,178.15,False,3502.9
GAP rule,2026-09-29,PE,-138.04,54.6,25.3,False,446.0
GAP rule,2026-09-30,PE,-87.92,-42.63,-23.32,False,-526.3
GAP rule,2026-10-01,PE,-287.4,-145.33,-74.67,False,-1553.3
GAP rule,2026-10-05,CE,431.25,-12.15,-8.07,False,-221.5
GAP rule,2026-10-06,CE,125.66,-67.29,-35.65,False,-772.9
MOMENTUM (1 min later),2024-10-18,CE,14.05,-123.24,-63.62,False,-1332.4
MOMENTUM (1 min later),2024-10-21,PE,-117.7,-84.54,-44.27,False,-945.4
MOMENTUM (1 min later),2024-10-22,CE,33.33,46.51,21.25,False,365.1
MOMENTUM (1 min later),2024-10-23,CE,276.34,11.1,3.55,False,11.0
MOMENTUM (1 min later),2024-10-24,CE,117.23,-10.15,-7.08,False,-201.5
MOMENTUM (1 min later),2024-10-25,PE,-157.26,-18.01,-11.01,False,-280.1
MOMENTUM (1 min later),2024-10-28,CE,19.55,53.8,24.9,False,438.0
MOMENTUM (1 min later),2024-10-29,PE,-176.56,82.54,39.27,False,725.4
MOMENTUM (1 min later),2024-10-30,PE,-118.43,83.78,39.89,False,737.8
MOMENTUM (1 min later),2024-10-31,PE,-266.84,-70.31,-37.15,False,-803.1
MOMENTUM (1 min later),2024-11-04,PE,-339.22,170.62,83.31,False,1606.2
MOMENTUM (1 min later),2024-11-05,PE,-24.16,-156.02,-80.01,False,-1660.2
MOMENTUM (1 min later),2024-11-06,PE,-34.36,102.57,49.29,False,925.7
MOMENTUM (1 min later),2024-11-07,PE,-292.9,7.21,1.61,False,-27.9
MOMENTUM (1 min later),2024-11-08,PE,-290.3,22.05,9.03,False,120.5
MOMENTUM (1 min later),2024-11-11,PE,-251.79,-34.47,-19.24,False,-444.7
MOMENTUM (1 min later),2024-11-12,CE,142.29,-83.2,-43.6,False,-932.0
MOMENTUM (1 min later),2024-11-13,CE,86.66,-12.12,-8.06,False,-221.2
MOMENTUM (1 min later),2024-11-14,CE,176.57,-41.61,-22.81,False,-516.1
MOMENTUM (1 min later),2024-11-18,PE,-125.56,99.81,47.9,False,898.1
MOMENTUM (1 min later),2024-11-19,CE,116.7,37.46,16.73,False,274.6
MOMENTUM (1 min later),2024-11-21,PE,-227.63,140.17,68.08,False,1301.7
MOMENTUM (1 min later),2024-11-22,CE,2.67,-5.15,-4.57,False,-151.5
MOMENTUM (1 min later),2024-11-25,CE,138.66,-29.64,-16.82,False,-396.4
MOMENTUM (1 min later),2024-11-26,PE,-73.76,-30.92,-17.46,False,-409.2
MOMENTUM (1 min later),2024-11-27,PE,-214.31,-64.78,-34.39,False,-747.8
MOMENTUM (1 min later),2024-11-28,CE,15.22,-72.31,-38.15,False,-823.1
MOMENTUM (1 min later),2024-11-29,CE,117.6,62.17,29.09,False,521.7
MOMENTUM (1 min later),2024-12-02,PE,-287.85,-18.35,-11.18,False,-283.5
MOMENTUM (1 min later),2024-12-03,PE,-147.84,21.82,8.91,False,118.2
MOMENTUM (1 min later),2024-12-04,PE,-167.44,-35.8,-19.9,False,-458.0
MOMENTUM (1 min later),2024-12-05,PE,-99.13,-24.29,-14.14,False,-342.9
MOMENTUM (1 min later),2024-12-06,PE,-145.75,-25.85,-14.92,False,-358.5
MOMENTUM (1 min later),2024-12-09,CE,5.8,37.5,16.75,False,275.0
MOMENTUM (1 min later),2024-12-10,PE,-28.02,5.25,0.62,False,-47.5
MOMENTUM (1 min later),2024-12-11,PE,-30.83,10.21,3.11,False,2.1
MOMENTUM (1 min later),2024-12-12,CE,17.09,57.48,26.74,False,474.8
MOMENTUM (1 min later),2024-12-13,PE,-45.01,76.09,36.04,False,660.9
MOMENTUM (1 min later),2024-12-16,PE,-24.91,3.31,-0.35,False,-66.9
MOMENTUM (1 min later),2024-12-17,PE,-60.73,-17.51,-10.76,False,-275.1
MOMENTUM (1 min later),2024-12-18,PE,-62.95,50.01,23.0,False,400.1
MOMENTUM (1 min later),2024-12-19,CE,364.61,-70.38,-37.19,False,-803.8
MOMENTUM (1 min later),2024-12-20,PE,-199.07,89.6,42.8,False,796.0
MOMENTUM (1 min later),2024-12-23,CE,98.45,66.38,31.19,False,563.8
MOMENTUM (1 min later),2024-12-24,PE,-143.97,-4.75,-4.38,False,-147.5
MOMENTUM (1 min later),2024-12-26,CE,156.31,39.38,17.69,False,293.8
MOMENTUM (1 min later),2024-12-27,CE,128.13,-3.88,-3.94,False,-138.8
MOMENTUM (1 min later),2024-12-30,PE,-15.34,56.48,26.24,False,464.8
MOMENTUM (1 min later),2024-12-31,PE,-111.37,-14.41,-9.21,False,-244.1
MOMENTUM (1 min later),2025-01-01,PE,-78.3,29.39,12.69,False,193.9
MOMENTUM (1 min later),2025-01-02,CE,15.51,45.58,20.79,False,355.8
MOMENTUM (1 min later),2025-01-03,PE,-257.87,-20.75,-12.38,False,-307.5
MOMENTUM (1 min later),2025-01-06,CE,53.93,-8.38,-6.19,False,-183.8
MOMENTUM (1 min later),2025-01-07,CE,310.01,-35.27,-19.63,False,-452.7
MOMENTUM (1 min later),2025-01-08,PE,-184.82,15.94,5.97,False,59.4
MOMENTUM (1 min later),2025-01-09,PE,-262.81,-22.45,-13.22,False,-324.5
MOMENTUM (1 min later),2025-01-10,CE,114.66,-9.28,-6.64,False,-192.8
MOMENTUM (1 min later),2025-01-13,CE,50.59,-109.76,-56.88,False,-1197.6
MOMENTUM (1 min later),2025-01-14,CE,372.51,-29.9,-16.95,False,-399.0
MOMENTUM (1 min later),2025-01-17,PE,-403.11,64.38,30.19,False,543.8
MOMENTUM (1 min later),2025-01-20,PE,-174.8,43.18,19.59,False,331.8
MOMENTUM (1 min later),2025-01-21,PE,-142.0,-9.23,-6.61,False,-192.3
MOMENTUM (1 min later),2025-01-22,PE,-4.51,87.83,41.92,False,778.3
MOMENTUM (1 min later),2025-01-23,PE,-190.93,-43.11,-23.56,False,-531.1
MOMENTUM (1 min later),2025-01-24,CE,135.79,90.95,43.47,False,809.5
MOMENTUM (1 min later),2025-01-27,PE,-33.28,27.12,11.56,False,171.2
MOMENTUM (1 min later),2025-01-28,CE,78.93,12.43,4.21,False,24.3
MOMENTUM (1 min later),2025-01-29,CE,49.55,-4.75,-4.38,False,-147.5
MOMENTUM (1 min later),2025-01-30,PE,-135.82,-35.25,-19.62,False,-452.5
MOMENTUM (1 min later),2025-01-31,PE,-44.4,-37.7,-20.85,False,-477.0
MOMENTUM (1 min later),2025-02-01,PE,-22.59,45.05,20.53,False,350.5
MOMENTUM (1 min later),2025-02-03,PE,-204.66,48.09,22.04,False,380.9
MOMENTUM (1 min later),2025-02-04,PE,-92.86,-15.63,-9.82,False,-256.3
MOMENTUM (1 min later),2025-02-05,PE,-143.99,-25.34,-14.67,False,-353.4
MOMENTUM (1 min later),2025-02-06,PE,-120.07,-4.87,-4.43,False,-148.7
MOMENTUM (1 min later),2025-02-07,PE,-41.52,28.72,12.36,False,187.2
MOMENTUM (1 min later),2025-02-10,PE,-194.06,13.68,4.84,False,36.8
MOMENTUM (1 min later),2025-02-11,PE,-147.85,44.46,20.23,False,344.6
MOMENTUM (1 min later),2025-02-12,PE,-46.22,-13.89,-8.94,False,-238.9
MOMENTUM (1 min later),2025-02-13,CE,171.57,-48.98,-26.49,False,-589.8
MOMENTUM (1 min later),2025-02-14,CE,22.48,57.04,26.52,False,470.4
MOMENTUM (1 min later),2025-02-17,PE,-212.24,86.89,41.44,False,768.9
MOMENTUM (1 min later),2025-02-18,PE,-79.96,29.15,12.58,False,191.5
MOMENTUM (1 min later),2025-02-19,PE,-164.84,-2.32,-3.16,False,-123.2
MOMENTUM (1 min later),2025-02-20,PE,-22.0,23.85,9.93,False,138.5
MOMENTUM (1 min later),2025-02-21,CE,46.02,30.37,13.19,False,203.7
MOMENTUM (1 min later),2025-02-24,PE,-25.88,102.71,49.35,False,927.1
MOMENTUM (1 min later),2025-02-25,CE,100.2,-62.05,-33.03,False,-720.5
MOMENTUM (1 min later),2025-02-27,CE,44.93,-14.43,-9.22,False,-244.3
MOMENTUM (1 min later),2025-02-28,PE,-218.57,63.17,29.58,False,531.7
MOMENTUM (1 min later),2025-03-03,CE,112.86,23.0,9.5,False,130.0
MOMENTUM (1 min later),2025-03-04,PE,-80.36,26.65,11.32,False,166.5
MOMENTUM (1 min later),2025-03-05,CE,187.91,-17.75,-10.88,False,-277.5
MOMENTUM (1 min later),2025-03-06,PE,-226.26,3.97,-0.01,False,-60.3
MOMENTUM (1 min later),2025-03-07,PE,-284.47,-213.75,-108.88,False,-2237.5
MOMENTUM (1 min later),2025-03-10,PE,-98.6,25.14,10.57,False,151.4
MOMENTUM (1 min later),2025-03-11,CE,9.78,-68.39,-36.19,False,-783.9
MOMENTUM (1 min later),2025-03-12,CE,42.88,39.29,17.65,False,292.9
MOMENTUM (1 min later),2025-03-13,PE,-197.37,86.32,41.16,False,763.2
MOMENTUM (1 min later),2025-03-17,CE,276.46,19.51,7.75,False,95.1
MOMENTUM (1 min later),2025-03-18,PE,-83.22,-70.8,-37.4,False,-808.0
MOMENTUM (1 min later),2025-03-19,PE,-169.7,-61.36,-32.68,False,-713.6
MOMENTUM (1 min later),2025-03-20,PE,-96.76,26.18,11.09,False,161.8
MOMENTUM (1 min later),2025-03-21,CE,3.04,46.08,21.04,False,360.8
MOMENTUM (1 min later),2025-03-24,PE,-64.33,-58.75,-31.38,False,-687.5
MOMENTUM (1 min later),2025-03-25,CE,89.51,-41.44,-22.72,False,-514.4
MOMENTUM (1 min later),2025-03-26,PE,-54.86,-59.58,-31.79,False,-695.8
MOMENTUM (1 min later),2025-03-27,CE,142.26,-44.36,-24.18,False,-543.6
MOMENTUM (1 min later),2025-03-28,PE,-92.2,68.84,32.42,False,588.4
MOMENTUM (1 min later),2025-04-01,CE,125.69,-23.14,-13.57,False,-331.4
MOMENTUM (1 min later),2025-04-02,PE,-10.63,-82.7,-43.35,False,-927.0
MOMENTUM (1 min later),2025-04-03,CE,276.22,-6.36,-5.18,False,-163.6
MOMENTUM (1 min later),2025-04-04,PE,-203.66,25.65,10.82,False,156.5
MOMENTUM (1 min later),2025-04-07,CE,1245.38,131.94,63.97,False,1219.4
MOMENTUM (1 min later),2025-04-08,CE,316.72,-46.87,-25.43,False,-568.7
MOMENTUM (1 min later),2025-04-09,PE,-269.16,-14.81,-9.4,False,-248.1
MOMENTUM (1 min later),2025-04-11,PE,-9.83,-105.82,-54.91,False,-1158.2
MOMENTUM (1 min later),2025-04-15,PE,-262.48,-13.98,-8.99,False,-239.8
MOMENTUM (1 min later),2025-04-16,PE,-353.58,-8.79,-6.4,False,-187.9
MOMENTUM (1 min later),2025-04-17,PE,-102.23,-16.91,-10.46,False,-269.1
MOMENTUM (1 min later),2025-04-21,CE,158.04,48.86,22.43,False,388.6
MOMENTUM (1 min later),2025-04-22,PE,-268.36,88.6,42.3,False,786.0
MOMENTUM (1 min later),2025-04-23,PE,-109.42,-43.83,-23.92,False,-538.3
MOMENTUM (1 min later),2025-04-24,PE,-169.18,-37.18,-20.59,False,-471.8
MOMENTUM (1 min later),2025-04-25,CE,233.3,53.92,24.96,False,439.2
MOMENTUM (1 min later),2025-04-28,CE,213.2,36.45,16.22,False,264.5
MOMENTUM (1 min later),2025-04-29,CE,123.43,7.85,1.93,False,-21.5
MOMENTUM (1 min later),2025-04-30,PE,-253.72,-9.9,-6.95,False,-199.0
MOMENTUM (1 min later),2025-05-02,CE,386.08,-28.17,-16.08,False,-381.7
MOMENTUM (1 min later),2025-05-05,CE,215.3,-4.81,-4.4,False,-148.1
MOMENTUM (1 min later),2025-05-06,PE,-106.69,-46.39,-25.19,False,-563.9
MOMENTUM (1 min later),2025-05-07,CE,547.25,34.61,15.31,False,246.1
MOMENTUM (1 min later),2025-05-08,PE,-34.45,34.81,15.4,False,248.1
MOMENTUM (1 min later),2025-05-09,CE,970.16,-181.22,-92.61,False,-1912.2
MOMENTUM (1 min later),2025-05-12,CE,320.86,49.5,22.75,False,395.0
MOMENTUM (1 min later),2025-05-13,CE,260.83,8.97,2.49,False,-10.3
MOMENTUM (1 min later),2025-05-14,CE,19.39,49.94,22.97,False,399.4
MOMENTUM (1 min later),2025-05-16,PE,-112.46,-130.8,-67.4,False,-1408.0
MOMENTUM (1 min later),2025-05-19,PE,-212.94,-62.25,-33.12,False,-722.5
MOMENTUM (1 min later),2025-05-20,CE,85.03,4.68,0.34,False,-53.2
MOMENTUM (1 min later),2025-05-21,CE,107.59,-126.0,-65.0,False,-1360.0
MOMENTUM (1 min later),2025-05-22,PE,-74.83,65.56,30.78,False,555.6
MOMENTUM (1 min later),2025-05-23,CE,129.66,-14.73,-9.37,False,-247.3
MOMENTUM (1 min later),2025-05-26,CE,238.24,68.82,32.41,False,588.2
MOMENTUM (1 min later),2025-05-27,PE,-161.37,99.94,47.97,False,899.4
MOMENTUM (1 min later),2025-05-28,PE,-19.3,-20.75,-12.38,False,-307.5
MOMENTUM (1 min later),2025-05-29,CE,157.14,34.16,15.08,False,241.6
MOMENTUM (1 min later),2025-05-30,CE,72.42,-51.58,-27.79,False,-615.8
MOMENTUM (1 min later),2025-06-02,PE,-298.07,34.58,15.29,False,245.8
MOMENTUM (1 min later),2025-06-03,CE,150.19,-240.62,-122.31,False,-2506.2
MOMENTUM (1 min later),2025-06-04,CE,105.28,43.64,19.82,False,336.4
MOMENTUM (1 min later),2025-06-05,PE,-67.25,88.94,42.47,False,789.4
MOMENTUM (1 min later),2025-06-06,PE,-109.53,23.81,9.9,False,138.1
MOMENTUM (1 min later),2025-06-09,PE,-5.59,-38.09,-21.05,False,-480.9
MOMENTUM (1 min later),2025-06-10,PE,-93.08,43.74,19.87,False,337.4
MOMENTUM (1 min later),2025-06-11,PE,-67.12,-34.54,-19.27,False,-445.4
MOMENTUM (1 min later),2025-06-12,PE,-124.96,-30.54,-17.27,False,-405.4
MOMENTUM (1 min later),2025-06-13,CE,154.7,30.67,13.34,False,206.7
MOMENTUM (1 min later),2025-06-16,CE,224.43,62.0,29.0,False,520.0
MOMENTUM (1 min later),2025-06-17,PE,-134.9,-100.28,-52.14,False,-1102.8
MOMENTUM (1 min later),2025-06-18,CE,48.61,109.72,52.86,False,997.2
MOMENTUM (1 min later),2025-06-19,PE,-84.84,-78.71,-41.36,False,-887.1
MOMENTUM (1 min later),2025-06-20,CE,271.96,-25.17,-14.58,False,-351.7
MOMENTUM (1 min later),2025-06-23,CE,203.51,-3.85,-3.93,False,-138.5
MOMENTUM (1 min later),2025-06-24,CE,183.78,72.0,34.0,False,620.0
MOMENTUM (1 min later),2025-06-25,PE,-24.37,64.56,30.28,False,545.6
MOMENTUM (1 min later),2025-06-26,PE,-38.61,-60.8,-32.4,False,-708.0
MOMENTUM (1 min later),2025-06-27,CE,195.55,-82.18,-43.09,False,-921.8
MOMENTUM (1 min later),2025-06-30,PE,-35.47,30.61,13.31,False,206.1
MOMENTUM (1 min later),2025-07-01,PE,-58.15,7.02,1.51,False,-29.8
MOMENTUM (1 min later),2025-07-02,CE,106.15,21.7,8.85,False,117.0
MOMENTUM (1 min later),2025-07-03,CE,9.48,66.02,31.01,False,560.2
MOMENTUM (1 min later),2025-07-04,CE,46.25,-16.82,-10.41,False,-268.2
MOMENTUM (1 min later),2025-07-07,PE,-74.31,0.12,-1.94,False,-98.8
MOMENTUM (1 min later),2025-07-08,CE,0.66,1.47,-1.26,False,-85.3
MOMENTUM (1 min later),2025-07-09,CE,14.99,-51.96,-27.98,False,-619.6
MOMENTUM (1 min later),2025-07-10,PE,-75.6,0.97,-1.51,False,-90.3
MOMENTUM (1 min later),2025-07-11,CE,24.8,76.37,36.18,False,663.7
MOMENTUM (1 min later),2025-07-15,CE,219.88,-32.97,-18.49,False,-429.7
MOMENTUM (1 min later),2025-07-16,PE,-20.49,-45.35,-24.67,False,-553.5
MOMENTUM (1 min later),2025-07-17,PE,-77.94,35.01,15.51,False,250.1
MOMENTUM (1 min later),2025-07-18,CE,30.26,-27.58,-15.79,False,-375.8
MOMENTUM (1 min later),2025-07-21,PE,-157.34,8.48,2.24,False,-15.2
MOMENTUM (1 min later),2025-07-22,PE,-105.19,-29.04,-16.52,False,-390.4
MOMENTUM (1 min later),2025-07-23,CE,3.68,-19.42,-11.71,False,-294.2
MOMENTUM (1 min later),2025-07-24,PE,-98.19,2.88,-0.56,False,-71.2
MOMENTUM (1 min later),2025-07-25,PE,-183.14,34.25,15.12,False,242.5
MOMENTUM (1 min later),2025-07-28,PE,-129.4,43.11,19.56,False,331.1
MOMENTUM (1 min later),2025-07-29,CE,105.49,-42.31,-23.15,False,-523.1
MOMENTUM (1 min later),2025-07-30,PE,-228.96,0.08,-1.96,False,-99.2
MOMENTUM (1 min later),2025-07-31,CE,259.72,-80.26,-42.13,False,-902.6
MOMENTUM (1 min later),2025-08-01,PE,-27.37,28.61,12.31,False,186.1
MOMENTUM (1 min later),2025-08-04,PE,-23.07,-17.49,-10.75,False,-274.9
MOMENTUM (1 min later),2025-08-05,CE,40.48,-98.75,-51.38,False,-1087.5
MOMENTUM (1 min later),2025-08-06,CE,30.22,7.91,1.95,False,-20.9
MOMENTUM (1 min later),2025-08-07,CE,43.92,-9.49,-6.75,False,-194.9
MOMENTUM (1 min later),2025-08-08,CE,11.79,-31.77,-17.89,False,-417.7
MOMENTUM (1 min later),2025-08-11,PE,-66.84,-54.73,-29.36,False,-647.3
MOMENTUM (1 min later),2025-08-12,PE,-69.36,-65.89,-34.94,False,-758.9
MOMENTUM (1 min later),2025-08-13,CE,23.58,39.27,17.64,False,292.7
MOMENTUM (1 min later),2025-08-14,PE,-0.83,-15.1,-9.55,False,-251.0
MOMENTUM (1 min later),2025-08-18,CE,154.04,35.83,15.92,False,258.3
MOMENTUM (1 min later),2025-08-19,CE,35.69,56.27,26.14,False,462.7
MOMENTUM (1 min later),2025-08-20,PE,-94.4,12.11,4.06,False,21.1
MOMENTUM (1 min later),2025-08-21,PE,-169.42,21.88,8.94,False,118.8
MOMENTUM (1 min later),2025-08-22,PE,-39.14,30.06,13.03,False,200.6
MOMENTUM (1 min later),2025-08-25,CE,33.48,1.08,-1.46,False,-89.2
MOMENTUM (1 min later),2025-08-26,CE,45.27,-56.12,-30.06,False,-661.2
MOMENTUM (1 min later),2025-08-28,PE,-338.46,117.65,56.82,False,1076.5
MOMENTUM (1 min later),2025-08-29,CE,217.55,15.98,5.99,False,59.8
MOMENTUM (1 min later),2025-09-01,CE,229.46,2.96,-0.52,False,-70.4
MOMENTUM (1 min later),2025-09-02,CE,10.68,27.84,11.92,False,178.4
MOMENTUM (1 min later),2025-09-03,PE,-35.45,70.41,33.2,False,604.1
MOMENTUM (1 min later),2025-09-04,PE,-353.12,18.55,7.28,False,85.5
MOMENTUM (1 min later),2025-09-05,PE,-37.36,27.85,11.93,False,178.5
MOMENTUM (1 min later),2025-09-08,CE,26.89,2.49,-0.75,False,-75.1
MOMENTUM (1 min later),2025-09-09,PE,-32.09,38.2,17.1,False,282.0
MOMENTUM (1 min later),2025-09-10,PE,-89.46,-42.24,-23.12,False,-522.4
MOMENTUM (1 min later),2025-09-11,CE,174.22,12.64,4.32,False,26.4
MOMENTUM (1 min later),2025-09-12,PE,-14.43,1.02,-1.49,False,-89.8
MOMENTUM (1 min later),2025-09-15,CE,1.08,23.19,9.6,False,131.9
MOMENTUM (1 min later),2025-09-16,CE,21.78,-0.64,-2.32,False,-106.4
MOMENTUM (1 min later),2025-09-17,CE,76.01,-43.35,-23.68,False,-533.5
MOMENTUM (1 min later),2025-09-18,PE,-63.96,3.64,-0.18,False,-63.6
MOMENTUM (1 min later),2025-09-19,PE,-64.01,51.33,23.67,False,413.3
MOMENTUM (1 min later),2025-09-22,CE,136.86,-48.55,-26.27,False,-585.5
MOMENTUM (1 min later),2025-09-23,CE,109.16,-39.23,-21.61,False,-492.3
MOMENTUM (1 min later),2025-09-24,PE,-16.83,30.63,13.32,False,206.3
MOMENTUM (1 min later),2025-09-25,PE,-57.19,-86.05,-45.02,False,-960.5
MOMENTUM (1 min later),2025-09-26,PE,-14.68,-22.79,-13.4,False,-327.9
MOMENTUM (1 min later),2025-09-29,PE,-15.7,77.75,36.88,False,677.5
MOMENTUM (1 min later),2025-09-30,CE,105.44,-56.71,-30.35,False,-667.1
MOMENTUM (1 min later),2025-10-01,CE,173.32,-44.43,-24.22,False,-544.3
MOMENTUM (1 min later),2025-10-03,CE,190.68,-76.36,-40.18,False,-863.6
MOMENTUM (1 min later),2025-10-06,PE,-10.3,-25.5,-14.75,False,-355.0
MOMENTUM (1 min later),2025-10-07,CE,62.18,21.85,8.92,False,118.5
MOMENTUM (1 min later),2025-10-08,CE,28.81,50.46,23.23,False,404.6
MOMENTUM (1 min later),2025-10-09,PE,-6.45,98.59,47.29,False,885.9
MOMENTUM (1 min later),2025-10-10,CE,56.92,24.06,10.03,False,140.6
MOMENTUM (1 min later),2025-10-13,CE,169.76,-84.08,-44.04,False,-940.8
MOMENTUM (1 min later),2025-10-14,CE,122.97,28.41,12.21,False,184.1
MOMENTUM (1 min later),2025-10-15,CE,31.64,52.27,24.13,False,422.7
MOMENTUM (1 min later),2025-10-16,CE,96.83,41.36,18.68,False,313.6
MOMENTUM (1 min later),2025-10-17,CE,49.04,-20.01,-12.01,False,-300.1
MOMENTUM (1 min later),2025-10-20,CE,353.77,-17.31,-10.65,False,-273.1
MOMENTUM (1 min later),2025-10-23,PE,-194.44,-91.3,-47.65,False,-1013.0
MOMENTUM (1 min later),2025-10-24,PE,-146.11,33.84,14.92,False,238.4
MOMENTUM (1 min later),2025-10-27,CE,150.95,1.52,-1.24,False,-84.8
MOMENTUM (1 min later),2025-10-28,CE,228.16,6.08,1.04,False,-39.2
MOMENTUM (1 min later),2025-10-29,CE,174.91,32.45,14.22,False,224.5
MOMENTUM (1 min later),2025-10-30,CE,31.57,-1.36,-2.68,False,-113.6
MOMENTUM (1 min later),2025-10-31,PE,-89.1,-44.8,-24.4,False,-548.0
MOMENTUM (1 min later),2025-11-03,CE,7.83,-123.05,-63.53,False,-1330.5
MOMENTUM (1 min later),2025-11-04,CE,2.48,45.7,20.85,False,357.0
MOMENTUM (1 min later),2025-11-06,CE,216.54,30.08,13.04,False,200.8
MOMENTUM (1 min later),2025-11-07,PE,-308.33,24.18,10.09,False,141.8
MOMENTUM (1 min later),2025-11-10,CE,298.25,-61.39,-32.69,False,-713.9
MOMENTUM (1 min later),2025-11-12,CE,42.16,22.1,9.05,False,121.0
MOMENTUM (1 min later),2025-11-13,PE,-150.34,7.81,1.9,False,-21.9
MOMENTUM (1 min later),2025-11-14,CE,219.59,-68.74,-36.37,False,-787.4
MOMENTUM (1 min later),2025-11-17,PE,-56.2,26.35,11.17,False,163.5
MOMENTUM (1 min later),2025-11-18,PE,-309.9,3.47,-0.26,False,-65.3
MOMENTUM (1 min later),2025-11-19,CE,13.28,-9.46,-6.73,False,-194.6
MOMENTUM (1 min later),2025-11-20,PE,-95.64,76.74,36.37,False,667.4
MOMENTUM (1 min later),2025-11-21,CE,71.68,-2.22,-3.11,False,-122.2
MOMENTUM (1 min later),2025-11-24,CE,33.66,-5.49,-4.75,False,-154.9
MOMENTUM (1 min later),2025-11-25,PE,-206.12,-16.78,-10.39,False,-267.8
MOMENTUM (1 min later),2025-11-26,CE,285.87,49.06,22.53,False,390.6
MOMENTUM (1 min later),2025-11-27,CE,3.21,-13.98,-8.99,False,-239.8
MOMENTUM (1 min later),2025-11-28,PE,-114.5,-3.13,-3.57,False,-131.3
MOMENTUM (1 min later),2025-12-01,PE,-116.02,-40.2,-22.1,False,-502.0
MOMENTUM (1 min later),2025-12-02,CE,82.68,21.85,8.92,False,118.5
MOMENTUM (1 min later),2025-12-03,PE,-59.06,-92.42,-48.21,False,-1024.2
MOMENTUM (1 min later),2025-12-04,PE,-9.69,-28.98,-16.49,False,-389.8
MOMENTUM (1 min later),2025-12-05,CE,21.93,31.79,13.9,False,217.9
MOMENTUM (1 min later),2025-12-08,PE,-12.15,-32.34,-18.17,False,-423.4
MOMENTUM (1 min later),2025-12-09,CE,46.96,-72.61,-38.31,False,-826.1
MOMENTUM (1 min later),2025-12-10,CE,70.34,105.66,50.83,False,956.6
MOMENTUM (1 min later),2025-12-11,PE,-23.52,104.94,50.47,False,949.4
MOMENTUM (1 min later),2025-12-12,CE,81.57,1.51,-1.25,False,-84.9
MOMENTUM (1 min later),2025-12-15,CE,121.92,7.5,1.75,False,-25.0
MOMENTUM (1 min later),2025-12-16,PE,-109.69,8.89,2.44,False,-11.1
MOMENTUM (1 min later),2025-12-17,PE,-165.66,-46.92,-25.46,False,-569.2
MOMENTUM (1 min later),2025-12-18,PE,-122.72,-18.1,-11.05,False,-281.0
MOMENTUM (1 min later),2025-12-19,CE,78.07,19.71,7.85,False,97.1
MOMENTUM (1 min later),2025-12-22,CE,162.92,-6.05,-5.03,False,-160.5
MOMENTUM (1 min later),2025-12-23,PE,-142.19,49.01,22.5,False,390.1
MOMENTUM (1 min later),2025-12-24,PE,-116.64,-29.75,-16.88,False,-397.5
MOMENTUM (1 min later),2025-12-26,CE,55.17,11.89,3.94,False,18.9
MOMENTUM (1 min later),2025-12-29,CE,119.06,4.2,0.1,False,-58.0
MOMENTUM (1 min later),2025-12-30,PE,-43.59,0.12,-1.94,False,-98.8
MOMENTUM (1 min later),2025-12-31,CE,90.99,27.29,11.65,False,172.9
MOMENTUM (1 min later),2026-01-01,CE,117.61,29.63,12.82,False,196.3
MOMENTUM (1 min later),2026-01-02,CE,24.62,6.58,1.29,False,-34.2
MOMENTUM (1 min later),2026-01-05,CE,110.85,-16.07,-10.03,False,-260.7
MOMENTUM (1 min later),2026-01-06,PE,-54.87,47.61,21.81,False,376.1
MOMENTUM (1 min later),2026-01-07,CE,252.16,68.16,32.08,False,581.6
MOMENTUM (1 min later),2026-01-08,CE,64.81,27.82,11.91,False,178.2
MOMENTUM (1 min later),2026-01-09,CE,225.69,79.04,37.52,False,690.4
MOMENTUM (1 min later),2026-01-12,CE,28.15,-148.62,-76.31,False,-1586.2
MOMENTUM (1 min later),2026-01-13,CE,36.81,40.11,18.06,False,301.1
MOMENTUM (1 min later),2026-01-14,CE,126.67,100.93,48.47,False,909.3
MOMENTUM (1 min later),2026-01-16,PE,-58.96,80.74,38.37,False,707.4
MOMENTUM (1 min later),2026-01-19,PE,-422.29,-133.75,-68.88,False,-1437.5
MOMENTUM (1 min later),2026-01-20,PE,-32.57,-38.93,-21.46,False,-489.3
MOMENTUM (1 min later),2026-01-21,CE,137.54,308.44,152.22,False,2984.4
MOMENTUM (1 min later),2026-01-22,CE,28.49,-61.59,-32.79,False,-715.9
MOMENTUM (1 min later),2026-01-23,CE,1.83,-101.68,-52.84,False,-1116.8
MOMENTUM (1 min later),2026-01-27,CE,212.74,-174.41,-89.21,False,-1844.1
MOMENTUM (1 min later),2026-01-28,CE,402.25,98.37,47.19,False,883.7
MOMENTUM (1 min later),2026-01-29,PE,-277.96,9.7,2.85,False,-3.0
MOMENTUM (1 min later),2026-01-30,CE,183.94,47.1,21.55,False,371.0
MOMENTUM (1 min later),2026-02-01,PE,-232.8,9.62,2.81,False,-3.8
MOMENTUM (1 min later),2026-02-02,CE,80.14,50.33,23.17,False,403.3
MOMENTUM (1 min later),2026-02-03,PE,-1355.6,-49.52,-26.76,False,-595.2
MOMENTUM (1 min later),2026-02-04,CE,191.88,61.65,28.82,False,516.5
MOMENTUM (1 min later),2026-02-05,PE,-86.3,0.13,-1.93,False,-98.7
MOMENTUM (1 min later),2026-02-06,PE,-15.27,69.78,32.89,False,597.8
MOMENTUM (1 min later),2026-02-09,PE,-132.49,-3.43,-3.72,False,-134.3
MOMENTUM (1 min later),2026-02-10,CE,4.22,64.31,30.15,False,543.1
MOMENTUM (1 min later),2026-02-11,CE,50.38,10.17,3.08,False,1.7
MOMENTUM (1 min later),2026-02-12,PE,-1.83,50.62,23.31,False,406.2
MOMENTUM (1 min later),2026-02-13,CE,53.23,-0.38,-2.19,False,-103.8
MOMENTUM (1 min later),2026-02-16,CE,19.48,64.77,30.39,False,547.7
MOMENTUM (1 min later),2026-02-17,PE,-112.86,5.57,0.78,False,-44.3
MOMENTUM (1 min later),2026-02-18,PE,-131.03,-32.84,-18.42,False,-428.4
MOMENTUM (1 min later),2026-02-19,PE,-133.32,51.71,23.86,False,417.1
MOMENTUM (1 min later),2026-02-20,CE,213.88,21.24,8.62,False,112.4
MOMENTUM (1 min later),2026-02-23,CE,161.72,87.15,41.57,False,771.5
MOMENTUM (1 min later),2026-02-24,PE,-158.29,-67.24,-35.62,False,-772.4
MOMENTUM (1 min later),2026-02-25,CE,120.1,-34.02,-19.01,False,-440.2
MOMENTUM (1 min later),2026-02-26,CE,144.69,-75.94,-39.97,False,-859.4
MOMENTUM (1 min later),2026-02-27,PE,-236.36,-7.3,-5.65,False,-173.0
MOMENTUM (1 min later),2026-03-02,CE,1650.18,-80.49,-42.25,False,-904.9
MOMENTUM (1 min later),2026-03-04,CE,161.99,-78.38,-41.19,False,-883.8
MOMENTUM (1 min later),2026-03-05,PE,-97.35,-174.49,-89.25,False,-1844.9
MOMENTUM (1 min later),2026-03-06,PE,-160.9,-135.66,-69.83,False,-1456.6
MOMENTUM (1 min later),2026-03-09,CE,21.27,-214.82,-109.41,False,-2248.2
MOMENTUM (1 min later),2026-03-10,PE,-241.81,-21.1,-12.55,False,-311.0
MOMENTUM (1 min later),2026-03-11,PE,-117.0,-52.99,-28.5,False,-629.9
MOMENTUM (1 min later),2026-03-12,PE,-439.45,24.81,10.4,False,148.1
MOMENTUM (1 min later),2026-03-13,CE,45.53,-31.58,-17.79,False,-415.8
MOMENTUM (1 min later),2026-03-16,CE,157.27,-138.32,-71.16,False,-1483.2
MOMENTUM (1 min later),2026-03-17,PE,-323.86,1.28,-1.36,False,-87.2
MOMENTUM (1 min later),2026-03-18,PE,-23.59,-146.11,-75.06,False,-1561.1
MOMENTUM (1 min later),2026-03-19,CE,530.19,-128.49,-66.25,False,-1384.9
MOMENTUM (1 min later),2026-03-20,CE,336.89,124.79,60.39,False,1147.9
MOMENTUM (1 min later),2026-03-23,PE,-677.97,-79.86,-41.93,False,-898.6
MOMENTUM (1 min later),2026-03-24,PE,-452.38,188.59,92.29,False,1785.9
MOMENTUM (1 min later),2026-03-25,CE,119.42,56.62,26.31,False,466.2
MOMENTUM (1 min later),2026-03-27,PE,-367.1,-2.56,-3.28,False,-125.6
MOMENTUM (1 min later),2026-03-30,PE,-110.04,34.83,15.42,False,248.3
MOMENTUM (1 min later),2026-04-01,PE,-116.27,64.11,30.06,False,541.1
MOMENTUM (1 min later),2026-04-02,PE,-594.55,-67.42,-35.71,False,-774.2
MOMENTUM (1 min later),2026-04-06,PE,-226.87,63.67,29.83,False,536.7
MOMENTUM (1 min later),2026-04-07,PE,-279.33,91.66,43.83,False,816.6
MOMENTUM (1 min later),2026-04-08,PE,-226.83,-93.19,-48.6,False,-1031.9
MOMENTUM (1 min later),2026-04-09,PE,-340.47,-123.6,-63.8,False,-1336.0
MOMENTUM (1 min later),2026-04-10,PE,-121.9,-141.26,-72.63,False,-1512.6
MOMENTUM (1 min later),2026-04-13,CE,165.33,-136.46,-70.23,False,-1464.6
MOMENTUM (1 min later),2026-04-15,CE,197.13,-27.66,-15.83,False,-376.6
MOMENTUM (1 min later),2026-04-16,PE,-124.07,-31.81,-17.9,False,-418.1
MOMENTUM (1 min later),2026-04-17,PE,-47.27,32.93,14.47,False,229.3
MOMENTUM (1 min later),2026-04-20,PE,-284.7,58.57,27.29,False,485.7
MOMENTUM (1 min later),2026-04-21,CE,144.48,57.7,26.85,False,477.0
MOMENTUM (1 min later),2026-04-22,PE,-97.96,-64.99,-34.49,False,-749.9
MOMENTUM (1 min later),2026-04-23,PE,-255.03,-150.08,-77.04,False,-1600.8
MOMENTUM (1 min later),2026-04-24,CE,40.95,-14.37,-9.18,False,-243.7
MOMENTUM (1 min later),2026-04-27,CE,240.67,-26.18,-15.09,False,-361.8
MOMENTUM (1 min later),2026-04-28,PE,-14.93,-90.61,-47.31,False,-1006.1
MOMENTUM (1 min later),2026-04-29,PE,-2.83,-31.38,-17.69,False,-413.8
MOMENTUM (1 min later),2026-04-30,PE,-160.05,53.74,24.87,False,437.4
MOMENTUM (1 min later),2026-05-04,CE,293.84,-48.3,-26.15,False,-583.0
MOMENTUM (1 min later),2026-05-05,PE,-177.11,-65.38,-34.69,False,-753.8
MOMENTUM (1 min later),2026-05-06,CE,118.04,1.9,-1.05,False,-81.0
MOMENTUM (1 min later),2026-05-07,PE,-213.46,51.31,23.65,False,413.1
MOMENTUM (1 min later),2026-05-08,PE,-173.39,44.55,20.28,False,345.5
MOMENTUM (1 min later),2026-05-11,PE,-131.97,6.0,1.0,False,-40.0
MOMENTUM (1 min later),2026-05-12,PE,-38.62,80.12,38.06,False,701.2
MOMENTUM (1 min later),2026-05-13,CE,344.26,-143.12,-73.56,False,-1531.2
MOMENTUM (1 min later),2026-05-14,PE,-21.61,1.0,-1.5,False,-90.0
MOMENTUM (1 min later),2026-05-15,PE,-138.08,-79.73,-41.87,False,-897.3
MOMENTUM (1 min later),2026-05-18,PE,-378.2,29.25,12.62,False,192.5
MOMENTUM (1 min later),2026-05-19,CE,162.73,37.28,16.64,False,272.8
MOMENTUM (1 min later),2026-05-20,PE,-217.4,-76.06,-40.03,False,-860.6
MOMENTUM (1 min later),2026-05-21,CE,140.69,-65.92,-34.96,False,-759.2
MOMENTUM (1 min later),2026-05-22,CE,68.89,-18.22,-11.11,False,-282.2
MOMENTUM (1 min later),2026-05-25,CE,87.76,22.63,9.31,False,126.3
MOMENTUM (1 min later),2026-05-26,CE,37.29,68.44,32.22,False,584.4
MOMENTUM (1 min later),2026-05-27,CE,17.32,64.58,30.29,False,545.8
MOMENTUM (1 min later),2026-05-29,CE,154.86,-102.41,-53.21,False,-1124.1
MOMENTUM (1 min later),2026-06-01,PE,-128.94,2.07,-0.96,False,-79.3
MOMENTUM (1 min later),2026-06-02,PE,-81.56,40.11,18.06,False,301.1
MOMENTUM (1 min later),2026-06-03,PE,-291.6,179.93,87.96,False,1699.3
MOMENTUM (1 min later),2026-06-04,PE,-21.03,-199.33,-101.67,False,-2093.3
MOMENTUM (1 min later),2026-06-05,PE,-37.21,67.46,31.73,False,574.6
MOMENTUM (1 min later),2026-06-08,CE,5.37,53.12,24.56,False,431.2
MOMENTUM (1 min later),2026-06-09,PE,-163.64,5.65,0.82,False,-43.5
MOMENTUM (1 min later),2026-06-10,CE,148.34,77.11,36.56,False,671.1
MOMENTUM (1 min later),2026-06-11,PE,-8.38,64.22,30.11,False,542.2
MOMENTUM (1 min later),2026-06-12,CE,58.56,53.33,24.67,False,433.3
MOMENTUM (1 min later),2026-06-15,PE,-70.96,-30.41,-17.21,False,-404.1
MOMENTUM (1 min later),2026-06-16,PE,-26.23,-15.88,-9.94,False,-258.8
MOMENTUM (1 min later),2026-06-17,PE,-184.51,13.55,4.78,False,35.5
MOMENTUM (1 min later),2026-06-18,PE,-8.31,37.51,16.76,False,275.1
MOMENTUM (1 min later),2026-06-19,PE,-197.24,-32.8,-18.4,False,-428.0
MOMENTUM (1 min later),2026-06-22,PE,-71.44,-59.54,-31.77,False,-695.4
MOMENTUM (1 min later),2026-06-23,PE,-143.83,22.15,9.08,False,121.5
MOMENTUM (1 min later),2026-06-24,CE,58.44,43.34,19.67,False,333.4
MOMENTUM (1 min later),2026-06-25,PE,-6.36,85.45,40.72,False,754.5
MOMENTUM (1 min later),2026-06-29,CE,106.27,50.55,23.28,False,405.5
MOMENTUM (1 min later),2026-06-30,PE,-73.18,143.89,69.94,False,1338.9
MOMENTUM (1 min later),2026-07-01,CE,42.34,46.95,21.47,False,369.5
MOMENTUM (1 min later),2026-07-02,CE,86.41,3.08,-0.46,False,-69.2
MOMENTUM (1 min later),2026-07-03,PE,-197.23,22.27,9.14,False,122.7
MOMENTUM (1 min later),2026-07-06,CE,62.92,49.68,22.84,False,396.8
MOMENTUM (1 min later),2026-07-07,PE,-47.78,54.86,25.43,False,448.6
MOMENTUM (1 min later),2026-07-08,PE,-65.64,-43.59,-23.8,False,-535.9
MOMENTUM (1 min later),2026-07-10,PE,-16.49,-85.71,-44.86,False,-957.1
MOMENTUM (1 min later),2026-07-13,PE,-30.38,-26.56,-15.28,False,-365.6
MOMENTUM (1 min later),2026-07-14,PE,-169.4,-41.88,-22.94,False,-518.8
MOMENTUM (1 min later),2026-07-15,CE,18.53,34.44,15.22,False,244.4
MOMENTUM (1 min later),2026-07-16,PE,-70.7,-79.53,-41.76,False,-895.3
MOMENTUM (1 min later),2026-07-17,CE,123.63,55.27,25.64,False,452.7
MOMENTUM (1 min later),2026-07-20,PE,-315.96,169.09,82.54,False,1590.9
MOMENTUM (1 min later),2026-07-21,CE,39.68,-38.18,-21.09,False,-481.8
MOMENTUM (1 min later),2026-07-22,PE,-284.54,1.32,-1.34,False,-86.8
MOMENTUM (1 min later),2026-07-23,PE,-110.27,-14.15,-9.07,False,-241.5
MOMENTUM (1 min later),2026-07-24,CE,40.06,85.27,40.64,False,752.7
MOMENTUM (1 min later),2026-07-27,CE,36.95,-13.23,-8.62,False,-232.3
MOMENTUM (1 min later),2026-07-28,CE,39.45,1.22,-1.39,False,-87.8
MOMENTUM (1 min later),2026-07-29,CE,12.53,36.77,16.39,False,267.7
MOMENTUM (1 min later),2026-07-30,PE,-48.45,70.43,33.21,False,604.3
MOMENTUM (1 min later),2026-07-31,CE,3.31,-11.25,-7.62,False,-212.5
MOMENTUM (1 min later),2026-08-03,PE,-244.73,-38.15,-21.08,False,-481.5
MOMENTUM (1 min later),2026-08-04,PE,-347.66,-4.04,-4.02,False,-140.4
MOMENTUM (1 min later),2026-08-05,PE,-172.83,-27.31,-15.65,False,-373.1
MOMENTUM (1 min later),2026-08-06,PE,-77.14,-13.64,-8.82,False,-236.4
MOMENTUM (1 min later),2026-08-07,CE,95.48,22.64,9.32,False,126.4
MOMENTUM (1 min later),2026-08-10,CE,33.25,33.55,14.77,False,235.5
MOMENTUM (1 min later),2026-08-11,PE,-157.45,66.94,31.47,False,569.4
MOMENTUM (1 min later),2026-08-12,PE,-206.36,135.91,65.96,False,1259.1
MOMENTUM (1 min later),2026-08-13,PE,-241.4,11.49,3.75,False,14.9
MOMENTUM (1 min later),2026-08-14,PE,-102.58,-14.79,-9.4,False,-247.9
MOMENTUM (1 min later),2026-08-17,PE,-156.8,17.91,6.96,False,79.1
MOMENTUM (1 min later),2026-08-18,CE,90.32,-29.18,-16.59,False,-391.8
MOMENTUM (1 min later),2026-08-19,PE,-61.77,17.43,6.72,False,74.3
MOMENTUM (1 min later),2026-08-20,PE,-7.17,-1.31,-2.65,False,-113.1
MOMENTUM (1 min later),2026-08-21,PE,-88.46,32.96,14.48,False,229.6
MOMENTUM (1 min later),2026-08-24,CE,108.2,10.53,3.27,False,5.3
MOMENTUM (1 min later),2026-08-25,PE,-88.44,5.37,0.69,False,-46.3
MOMENTUM (1 min later),2026-08-26,PE,-1.28,7.41,1.71,False,-25.9
MOMENTUM (1 min later),2026-08-27,CE,103.2,-92.55,-48.28,False,-1025.5
MOMENTUM (1 min later),2026-08-28,PE,-16.81,-36.45,-20.23,False,-464.5
MOMENTUM (1 min later),2026-08-31,PE,-204.71,-70.14,-37.07,False,-801.4
MOMENTUM (1 min later),2026-09-01,PE,-138.71,-18.6,-11.3,False,-286.0
MOMENTUM (1 min later),2026-09-02,PE,-209.03,53.18,24.59,False,431.8
MOMENTUM (1 min later),2026-09-03,CE,69.62,22.08,9.04,False,120.8
MOMENTUM (1 min later),2026-09-04,PE,-56.89,-63.03,-33.51,False,-730.3
MOMENTUM (1 min later),2026-09-07,PE,-162.75,-60.27,-32.14,False,-702.7
MOMENTUM (1 min later),2026-09-08,PE,-164.38,-1.3,-2.65,False,-113.0
MOMENTUM (1 min later),2026-09-09,PE,-192.09,34.85,15.43,False,248.5
MOMENTUM (1 min later),2026-09-10,CE,126.62,-64.56,-34.28,False,-745.6
MOMENTUM (1 min later),2026-09-11,PE,-101.63,8.29,2.15,False,-17.1
MOMENTUM (1 min later),2026-09-15,PE,-225.39,-57.58,-30.79,False,-675.8
MOMENTUM (1 min later),2026-09-16,CE,60.13,124.23,60.11,False,1142.3
MOMENTUM (1 min later),2026-09-17,CE,81.68,17.48,6.74,False,74.8
MOMENTUM (1 min later),2026-09-18,PE,-22.52,-16.8,-10.4,False,-268.0
MOMENTUM (1 min later),2026-09-21,CE,85.07,17.22,6.61,False,72.2
MOMENTUM (1 min later),2026-09-22,CE,56.34,-46.55,-25.28,False,-565.5
MOMENTUM (1 min later),2026-09-23,CE,0.97,10.75,3.38,False,7.5
MOMENTUM (1 min later),2026-09-24,CE,57.33,-102.6,-53.3,False,-1126.0
MOMENTUM (1 min later),2026-09-25,CE,172.4,-7.16,-5.58,False,-171.6
MOMENTUM (1 min later),2026-09-28,PE,-360.29,13.12,4.56,False,31.2
MOMENTUM (1 min later),2026-09-29,PE,-54.6,30.75,13.38,False,207.5
MOMENTUM (1 min later),2026-09-30,CE,42.63,40.86,18.43,False,308.6
MOMENTUM (1 min later),2026-10-01,CE,145.33,89.65,42.83,False,796.5
MOMENTUM (1 min later),2026-10-05,PE,-12.15,5.82,0.91,False,-41.8
MOMENTUM (1 min later),2026-10-06,PE,-67.29,-3.87,-3.93,False,-138.7
